{"cameraMode":{"drawMode":0,"name":"Shaded","section":"Shading Mode"},"sceneLighting":true,"audioPlay":false,"sceneViewState":{"showFog":true,"showMaterialUpdate":true,"showSkybox":true,"showFlares":true,"showImageEffects":true,"showParticleSystems":true},"in2DMode":false,"pivot":{"x":380.62646484375,"y":210.787841796875,"z":-902.921875},"rotation":{"x":-0.004809665493667126,"y":0.006596931256353855,"z":-0.00003185763125657104,"w":-0.999966025352478},"size":119.80127716064453,"orthographic":true}