{"cameraMode":{"drawMode":0,"name":"Shaded","section":"Shading Mode"},"sceneLighting":true,"audioPlay":false,"sceneViewState":{"showFog":true,"showMaterialUpdate":true,"showSkybox":true,"showFlares":true,"showImageEffects":true,"showParticleSystems":true},"in2DMode":false,"pivot":{"x":2.271728515625,"y":0.6107177734375,"z":78.75},"rotation":{"x":-0.004809665493667126,"y":0.006596931256353855,"z":-0.00003185763125657104,"w":-0.999966025352478},"size":101.3541030883789,"orthographic":true}