{"cameraMode":{"drawMode":0,"name":"Shaded","section":"Shading Mode"},"sceneLighting":true,"audioPlay":false,"sceneViewState":{"showFog":true,"showMaterialUpdate":false,"showSkybox":true,"showFlares":true,"showImageEffects":true,"showParticleSystems":true},"in2DMode":false,"pivot":{"x":356.420654296875,"y":168.5634765625,"z":-901.546875},"rotation":{"x":-0.004809665493667126,"y":0.006596931256353855,"z":-0.00003185763125657104,"w":-0.999966025352478},"size":101.9281997680664,"orthographic":true}