{"cameraMode":{"drawMode":0,"name":"Shaded","section":"Shading Mode"},"sceneLighting":true,"audioPlay":false,"sceneViewState":{"showFog":true,"showMaterialUpdate":false,"showSkybox":true,"showFlares":true,"showImageEffects":true,"showParticleSystems":true},"in2DMode":false,"pivot":{"x":1068.435546875,"y":521.9902954101563,"z":-80.025390625},"rotation":{"x":0.0014998936094343663,"y":0.010499942116439343,"z":-0.000015713769244030118,"w":0.999943733215332},"size":1448.3333740234375,"orthographic":true}