{"cameraMode":{"drawMode":0,"name":"Shaded","section":"Shading Mode"},"sceneLighting":true,"audioPlay":false,"sceneViewState":{"showFog":true,"showMaterialUpdate":false,"showSkybox":true,"showFlares":true,"showImageEffects":true,"showParticleSystems":true},"in2DMode":false,"pivot":{"x":610.6630859375,"y":322.8614807128906,"z":426.16473388671877},"rotation":{"x":0.060272980481386188,"y":0.003302370896562934,"z":-0.0001993531041080132,"w":0.9981844425201416},"size":1243.5341796875,"orthographic":false}