{"cameraMode":{"drawMode":0,"name":"Shaded","section":"Shading Mode"},"sceneLighting":true,"audioPlay":false,"sceneViewState":{"showFog":true,"showMaterialUpdate":false,"showSkybox":true,"showFlares":true,"showImageEffects":true,"showParticleSystems":true},"in2DMode":false,"pivot":{"x":564.59033203125,"y":357.6640319824219,"z":288.10577392578127},"rotation":{"x":0.05277641862630844,"y":0.01828196458518505,"z":-0.0009663145174272358,"w":0.9984464645385742},"size":1243.5341796875,"orthographic":false}